,City,State,Country,BNA Score
0,Adelaide,SA,AU,27
1,Adelaide LGA,SA,AU,43
2,Albury-Wodonga,NSW,AU,37
3,Alice Springs,NT,AU,50
4,Ballarat,VIC,AU,28
5,Batemans Bay,NSW,AU,30
6,Bathurst,NSW,AU,30
7,Bendigo,VIC,AU,32
8,Brisbane,QLD,AU,32
9,Brisbane LGA,QLD,AU,29
10,Bunbury,WA,AU,27
11,Bundaberg,QLD,AU,31
12,Cairns,QLD,AU,28
13,Cairns LGA,QLD,AU,30
14,Canberra,ACT,AU,53
15,Central Coast,NSW,AU,25
16,Charles Sturt LGA,SA,AU,31
17,Coffs Harbour,NSW,AU,30
18,Darwin,NT,AU,36
19,Darwin LGA,NT,AU,37
20,Eurobodalla LGA,NSW,AU,46
21,Fraser Coast LGA,QLD,AU,42
22,Geelong,VIC,AU,31
23,Gladstone-Tannum Sands,QLD,AU,29
24,Gold Coast,QLD,AU,29
25,Gosnells LGA,WA,AU,34
26,Greater Bendigo LGA,VIC,AU,36
27,Hervey Bay,QLD,AU,45
28,Hobart,TAS,AU,29
29,Hobart LGA,TAS,AU,26
30,Kempsey,NSW,AU,37
31,Launceston,TAS,AU,26
32,Launceston LGA,TAS,AU,27
33,Liverpool LGA,NSW,AU,33
34,Mackay,QLD,AU,43
35,Melbourne LGA,VIC,AU,42
36,Melton,VIC,AU,26
37,Mildura,VIC,AU,32
38,Mildura LGA,VIC,AU,34
39,Moreland LGA,VIC,AU,37
40,Mount Barker LGA,SA,AU,50
41,Mount Gambier,SA,AU,31
42,Mount Gambier LGA,SA,AU,30
43,Newcastle,NSW,AU,26
44,Newcastle LGA,NSW,AU,28
45,Orange,NSW,AU,25
46,Orange LGA,NSW,AU,26
47,Parramatta LGA,NSW,AU,25
48,Perth,WA,AU,32
49,Perth LGA,WA,AU,47
50,Playford LGA,SA,AU,22
51,Port Adelaide Enfield LGA,SA,AU,22
52,Port Macquarie,NSW,AU,20
53,Rockhampton,QLD,AU,28
54,Rockhampton LGA,QLD,AU,30
55,Ryde LGA,NSW,AU,25
56,Shepparton-Mooroopna,VIC,AU,29
57,Sunshine Coast,QLD,AU,42
58,Sydney,NSW,AU,26
59,Sydney LGA,NSW,AU,48
60,Taree,NSW,AU,32
61,Toowoomba,QLD,AU,26
62,Toowoomba LGA,QLD,AU,31
63,Townsville,QLD,AU,23
64,Unley LGA,SA,AU,45
65,Vincent LGA,WA,AU,32
66,Wagga Wagga,NSW,AU,36
67,Whitehorse LGA,VIC,AU,26
68,Whittlesea LGA,VIC,AU,39
69,Wollongong,NSW,AU,29
70,Wollongong LGA,NSW,AU,30
71,Yarra LGA,VIC,AU,60
72,Antwerp,Antwerp,BE,77
73,Bruges,Bruges,BE,74
74,Brussels,Brussels,BE,84
75,Deinze,Deinze,BE,64
76,Ghent,Ghent,BE,78
77,Hasselt,Hasselt,BE,78
78,Heusden-Zolder,Heusden-Zolder,BE,62
79,Knokke,Knokke,BE,70
80,Kortrijk,Kortrijk,BE,73
81,Leuven,Leuven,BE,85
82,Belford Roxo,Belford Roxo,BR,42
83,Porto Alegre,Porto Alegre,BR,54
84,São Paulo,São Paulo,BR,52
85,Abbotsford,BC,CA,39
86,Ajax,ON,CA,47
87,Barrie,ON,CA,35
88,Boucherville,QC,CA,70
89,Brampton,ON,CA,44
90,Brandon,MB,CA,34
91,Bromont,QC,CA,87
92,Burlington,ON,CA,45
93,Burnaby,BC,CA,44
94,Calgary,AB,CA,60
95,Canmore,AB,CA,61
96,Chambly,QC,CA,74
97,Chelsea,QC,CA,62
98,Chilliwack,BC,CA,37
99,Cole Harbour,NS,CA,36
100,Coquitlam,BC,CA,40
101,Courtenay,BC,CA,36
102,Drummondville,QC,CA,46
103,Edmonton,AB,CA,58
104,Edmundston,NB,CA,47
105,Fredericton,NB,CA,55
106,Gatineau,QC,CA,66
107,Granby,QC,CA,60
108,Guelph,ON,CA,36
109,Halifax,NS,CA,38
110,Hamilton,ON,CA,52
111,Kamloops,BC,CA,45
112,Kelowna,BC,CA,46
113,Kingston,ON,CA,42
114,Kitchener,ON,CA,47
115,L'Ancienne-Lorette,QC,CA,37
116,Langley,BC,CA,42
117,Laval,QC,CA,53
118,Lethbridge,AB,CA,46
119,London,ON,CA,37
120,Longueuil,QC,CA,69
121,Maple Ridge,BC,CA,33
122,Markham,ON,CA,43
123,Mississauga,ON,CA,49
124,Moncton,NB,CA,32
125,Montreal,QC,CA,69
126,Nanaimo,BC,CA,36
127,Niagara Falls,ON,CA,40
128,Oakville,ON,CA,50
129,Oshawa,ON,CA,36
130,Ottawa,ON,CA,52
131,Ottawa - Inner Greenbelt,ON,CA,52
132,Peterborough,ON,CA,38
133,Port Coquitlam,BC,CA,35
134,Port Moody,BC,CA,40
135,Prince George,BC,CA,30
136,Quebec City,QC,CA,58
137,Red Deer,AB,CA,47
138,Regina,SK,CA,32
139,Repentigny,QC,CA,53
140,Richmond,BC,CA,39
141,Richmond Hill,ON,CA,51
142,Saguenay,QC,CA,49
143,Saint John,NB,CA,34
144,Sainte-Julie,QC,CA,77
145,Sarnia,ON,CA,31
146,Saskatoon,SK,CA,33
147,Sault Ste. Marie,ON,CA,27
148,Sherbrooke,QC,CA,31
149,Sorel-Tracy,QC,CA,57
150,St. Catharines,ON,CA,34
151,St. John's,NL,CA,32
152,Stratford,ON,CA,41
153,Surrey,BC,CA,38
154,Terrebonne,QC,CA,54
155,Thunder Bay,ON,CA,31
156,Toronto,ON,CA,45
157,Vancouver,BC,CA,56
158,Vaughan,ON,CA,49
159,Vernon,BC,CA,35
160,Victoria,BC,CA,56
161,Waterloo,ON,CA,49
162,Whitby,ON,CA,42
163,Windsor,ON,CA,34
164,Winnipeg,MB,CA,32
165,Santiago,Santiago,CL,51
166,Bogota,Bogota,CO,68
167,Havana,Havana,CU,45
168,Berlin,Berlin,DE,78
169,Hamburg,Hamburg,DE,67
170,Munich,Munich,DE,83
171,Alicante,Alicante,ES,67
172,Barcelona,Barcelona,ES,74
173,Logroño,Logroño,ES,67
174,Madrid,Madrid,ES,59
175,Sevilla,Sevilla,ES,74
176,Valencia,Valencia,ES,76
177,Calais,HDF,FR,66
178,Chambéry,ARA,FR,65
179,Lyon,ARA,FR,81
180,Marseille,PAC,FR,65
181,Paris,IDF,FR,83
182,Saint-Quentin-en-Yvelines,IDF,FR,63
183,Ashford,Ashford,GB,48
184,Barking and Dagenham,Barking and Dagenham,GB,33
185,Barnet,Barnet,GB,20
186,Bedford,Bedford,GB,50
187,Belfast,Belfast,GB,46
188,Bexley,Bexley,GB,30
189,Birmingham,Birmingham,GB,30
190,Birmingham Metro,Birmingham Metro,GB,25
191,Bolton,Bolton,GB,23
192,Brent,Brent,GB,39
193,Bromley,Bromley,GB,28
194,Bury,Bury,GB,23
195,Camden,Camden,GB,61
196,Cardiff,Cardiff,GB,67
197,City of London,City of London,GB,68
198,City of Manchester,City of Manchester,GB,42
199,Coventry,Coventry,GB,21
200,Croydon,Croydon,GB,42
201,Dudley,Dudley,GB,17
202,Ealing,Ealing,GB,61
203,Edinburgh,Edinburgh,GB,76
204,Enfield,Enfield,GB,41
205,Glasgow,Glasgow,GB,57
206,Greenwich,Greenwich,GB,51
207,Guildford,Guildford,GB,41
208,Hackney,Hackney,GB,71
209,Hammersmith and Fulham,Hammersmith and Fulham,GB,61
210,Haringey,Haringey,GB,57
211,Harrow,Harrow,GB,30
212,Havering,Havering,GB,33
213,Hillingdon,Hillingdon,GB,37
214,Hounslow,Hounslow,GB,49
215,Islington,Islington,GB,66
216,Kensington and Chelsea,Kensington and Chelsea,GB,61
217,Kingston upon Thames,Kingston upon Thames,GB,51
218,Lambeth,Lambeth,GB,61
219,Leeds,Leeds,GB,59
220,Lewisham,Lewisham,GB,59
221,London Metro,London Metro,GB,48
222,Manchester Metro,Manchester Metro,GB,30
223,Merton,Merton,GB,58
224,Milton Keynes,Milton Keynes,GB,69
225,Newham,Newham,GB,40
226,Oldham,Oldham,GB,22
227,Plymouth,Plymouth,GB,47
228,Redbridge,Redbridge,GB,37
229,Richmond upon Thames,Richmond upon Thames,GB,62
230,Rochdale,Rochdale,GB,21
231,Salford,Salford,GB,29
232,Sandwell,Sandwell,GB,20
233,Solihull,Solihull,GB,25
234,Southend-on-Sea,Southend-on-Sea,GB,53
235,Southwark,Southwark,GB,69
236,Stockport,Stockport,GB,25
237,Sutton,Sutton,GB,43
238,Swansea,Swansea,GB,51
239,Tameside,Tameside,GB,25
240,Tower Hamlets,Tower Hamlets,GB,59
241,Trafford,Trafford,GB,26
242,Wakefield,Wakefield,GB,41
243,Walsall,Walsall,GB,20
244,Waltham Forest,Waltham Forest,GB,66
245,Wandsworth,Wandsworth,GB,60
246,Westminster,Westminster,GB,65
247,Wigan,Wigan,GB,35
248,Wolverhampton,Wolverhampton,GB,20
249,York,York,GB,63
250,Athens,Athens,GR,63
251,Guatemala City,Guatemala City,GT,44
252,Kastav,Kastav,HR,31
253,Osijek,Osijek,HR,49
254,Dublin,Dublin,IE,63
255,Baghdad,Baghdad,IQ,46
256,Tabriz,Tabriz,IR,39
257,Bologna,Bologna,IT,73
258,Milan,Milan,IT,69
259,Naples,Naples,IT,49
260,Rome,Rome,IT,50
261,Val di Sole,Val di Sole,IT,68
262,Verona,Verona,IT,66
263,Guadalajara,Guadalajara,MX,59
264,Mexico City,Mexico City,MX,57
265,Monterrey,Monterrey,MX,58
266,Mérida,Mérida,MX,57
267,Oaxaca,Oaxaca,MX,57
268,San Pedro Garza Garcia,San Pedro Garza Garcia,MX,49
269,Tijuana,Tijuana,MX,54
270,Zapopan,Zapopan,MX,55
271,Almere,FL,NL,85
272,Amsterdam,NH,NL,82
273,Eindhoven,NB,NL,82
274,Enschede,OV,NL,69
275,Groningen,GR,NL,80
276,Lelystad,FL,NL,75
277,Rijswijk,ZH,NL,80
278,Rotterdam,ZH,NL,70
279,The Hague,ZH,NL,89
280,Utrecht,UT,NL,84
281,Woensdrecht,NB,NL,36
282,Zwolle,OV,NL,77
283,Christchurch,Christchurch,NZ,53
284,Lisbon,Lisbon,PT,64
285,Sakarya,Sakarya,TR,21
286,Aberdeen,SD,US,54
287,Abilene,TX,US,6
288,Abingdon,VA,US,24
289,Acton,MA,US,17
290,Acworth,GA,US,13
291,Addison,TX,US,19
292,Akron,NY,US,20
293,Akron,OH,US,22
294,Alafaya,FL,US,26
295,Alameda,CA,US,46
296,Alamo,CA,US,30
297,Alamogordo,NM,US,9
298,Albany,OR,US,23
299,Albany,GA,US,11
300,Albany,CA,US,58
301,Albany,NY,US,10
302,Albuquerque,NM,US,31
303,Aledo,TX,US,30
304,Alexandria,MN,US,9
305,Alexandria,VA,US,34
306,Algonquin,IL,US,29
307,Alhambra,CA,US,24
308,Aliso Viejo,CA,US,10
309,Allen,TX,US,22
310,Allentown,PA,US,29
311,Alliance,OH,US,40
312,Alma,MI,US,32
313,Alpharetta,GA,US,17
314,Altadena,CA,US,18
315,Altamonte Springs,FL,US,6
316,Altoona,PA,US,36
317,Alvarado,TX,US,13
318,Alvord,TX,US,16
319,Amarillo,TX,US,6
320,American Canyon,CA,US,31
321,American Fork,UT,US,25
322,Ames,IA,US,63
323,Amherst,MA,US,17
324,Anaheim,CA,US,13
325,Anchorage,AK,US,57
326,Anderson,IN,US,6
327,Ankeny,IA,US,70
328,Ann Arbor,MI,US,41
329,Anna,TX,US,28
330,Annapolis,MD,US,12
331,Annetta,TX,US,23
332,Antioch,CA,US,29
333,Appleton,WI,US,29
334,Aptos,CA,US,33
335,Arcata,CA,US,55
336,Ardmore,PA,US,41
337,Argyle,TX,US,21
338,Arlington,VA,US,54
339,Arlington,TX,US,8
340,Arlington Heights,IL,US,8
341,Arnold,MD,US,21
342,Arnold,MO,US,22
343,Arroyo Grande,CA,US,28
344,Arvada,CO,US,22
345,Asbury Park,NJ,US,49
346,Ashburn,VA,US,18
347,Asheboro,NC,US,7
348,Asheville,NC,US,8
349,Ashland,WI,US,80
350,Ashland,OR,US,70
351,Aspen,CO,US,75
352,Atascadero,CA,US,31
353,Athens,OH,US,60
354,Athens,PA,US,23
355,Athens,GA,US,17
356,Atlanta,GA,US,25
357,Atlantic Highlands,NJ,US,52
358,Aubrey,TX,US,18
359,Auburn,WA,US,24
360,Auburn,AL,US,22
361,Auburn,ME,US,12
362,Augusta,GA,US,11
363,Augusta,ME,US,22
364,Aurora,TX,US,27
365,Aurora,IL,US,51
366,Aurora,CO,US,36
367,Austin,TX,US,31
368,Austin metro area,TX,US,27
369,Aventura,FL,US,8
370,Avon,IN,US,11
371,Avon,CO,US,26
372,Avon Lake,OH,US,35
373,Avondale,AZ,US,23
374,Avondale Estates,GA,US,4
375,Ayer,MA,US,12
376,Azle,TX,US,11
377,Bainbridge Island,WA,US,28
378,Bakersfield,CA,US,13
379,Balch Springs,TX,US,21
380,Baldwin Park,CA,US,15
381,Balltown,IA,US,67
382,Ballwin,MO,US,30
383,Baltimore,MD,US,31
384,Bandon,OR,US,57
385,Bangor,ME,US,30
386,Baraboo,WI,US,61
387,Barberton,OH,US,23
388,Barnstable Town,MA,US,9
389,Barrington,IL,US,8
390,Barrington,RI,US,23
391,Bartlesville,OK,US,23
392,Bartlett,IL,US,17
393,Bartlett,TN,US,17
394,Bartonville,TX,US,23
395,Baseline: NEO 7-mile radius (5-mile bikeshed),AR,US,31
396,Baseline: NEO 7-mile radius (7-mile bikeshed),AR,US,38
397,Baseline: NEO 7-mile radius (Trial w/ file),AR,US,38
398,Baseline: NEO 7-mile radius (default bikeshed),AR,US,34
399,Bastrop,TX,US,9
400,Batavia,IL,US,12
401,Baton Rouge,LA,US,20
402,Battle Creek,MI,US,38
403,Bay City,MI,US,42
404,Bear,DE,US,16
405,Beaumont,CA,US,25
406,Beaver,PA,US,36
407,Beaverton,OR,US,29
408,Bedford,TX,US,10
409,Bedford,MA,US,34
410,Bee Cave,TX,US,32
411,Bel Air,MD,US,18
412,Bella Vista,AR,US,38
413,Belleville,IL,US,8
414,Bellevue,NE,US,26
415,Bellevue,WA,US,32
416,Bellingham,WA,US,48
417,Bellwood,PA,US,31
418,Bemidji,MN,US,18
419,Benbrook,TX,US,9
420,Bend,OR,US,29
421,Bennett,CO,US,25
422,Benton County,AR,US,37
423,Bentonville,AR,US,40
424,Berkeley,CA,US,67
425,Berkeley Lake,GA,US,24
426,Berthoud,CO,US,10
427,Bethany Beach,DE,US,22
428,Bethel,CT,US,20
429,Bethesda,MD,US,39
430,Bethlehem,NY,US,13
431,Bethlehem,PA,US,27
432,Bettendorf,IA,US,46
433,Beverly Hills,CA,US,37
434,Biddeford,ME,US,25
435,Big Bear Lake,CA,US,33
436,Big Rapids,MI,US,43
437,Billerica,MA,US,8
438,Billings,MT,US,35
439,Biloxi,MS,US,20
440,Binghamton,NY,US,4
441,Birdsboro,PA,US,59
442,Birmingham,AL,US,22
443,Bismarck,ND,US,41
444,Black Hawk,CO,US,24
445,Blacksburg,VA,US,42
446,Blanco,TX,US,14
447,Bloomington,IN,US,37
448,Bloomington,MN,US,16
449,Bloomington,IL,US,8
450,Blue Diamond,NV,US,85
451,Blue Mound,TX,US,9
452,Blue Ridge,TX,US,33
453,Boca Raton,FL,US,9
454,Boise,ID,US,22
455,Bonita,CA,US,13
456,Bossier City,LA,US,17
457,Boston,MA,US,28
458,Boulder,CO,US,68
459,Boulder Junction,WI,US,50
460,Bountiful,UT,US,22
461,Bourbonnais,IL,US,9
462,Bow Mar,CO,US,4
463,Bowie,MD,US,13
464,Bowling Green,OH,US,32
465,Bowling Green,KY,US,37
466,Boyd,TX,US,25
467,Boynton Beach,FL,US,10
468,Bozeman,MT,US,46
469,Bradenton,FL,US,8
470,Brady,TX,US,6
471,Brainerd,MN,US,6
472,Braintree,MA,US,11
473,Braselton,GA,US,17
474,Braswell,GA,US,50
475,Brattleboro,VT,US,46
476,Breckenridge,CO,US,25
477,Bremerton,WA,US,25
478,Brewster,NY,US,17
479,Bridgeport,CT,US,11
480,Bridgeport,TX,US,9
481,Bridgeton,NJ,US,16
482,Bridgewater Center,NJ,US,26
483,Brielle,NJ,US,9
484,Brighton,MI,US,28
485,Brighton,CO,US,17
486,Bristol,CT,US,21
487,Broken Arrow,OK,US,21
488,Brookfield,WI,US,25
489,Brookhaven,GA,US,16
490,Brookings,OR,US,39
491,Brookings,SD,US,26
492,Brookline,MA,US,19
493,Brooklyn,NY,US,67
494,Brooksville,FL,US,12
495,Brookville,IN,US,13
496,Broomfield,CO,US,47
497,Buchanan,MI,US,50
498,Buckeye,AZ,US,27
499,Buckfield,ME,US,43
500,Buckhannon,WV,US,26
501,Buellton,CA,US,28
502,Buena Vista,CO,US,14
503,Buffalo,NY,US,8
504,Buford,GA,US,15
505,Burbank,CA,US,29
506,Burke,VA,US,26
507,Burleson,TX,US,12
508,Burlingame,CA,US,38
509,Burlington,VT,US,60
510,Burlington,IA,US,26
511,Butte-Silver Bow,MT,US,30
512,Caddo Mills,TX,US,32
513,Cadillac,MI,US,58
514,Camarillo,CA,US,16
515,Cambridge,MA,US,65
516,Camden,NJ,US,24
517,Camp Hill,PA,US,28
518,Canandaigua,NY,US,8
519,Canton,GA,US,16
520,Canton,OH,US,20
521,Cape Coral,FL,US,5
522,Capitola,CA,US,16
523,Carlisle,PA,US,38
524,Carlsbad,CA,US,21
525,Carmel,IN,US,58
526,Carpentersville,IL,US,17
527,Carpinteria,CA,US,31
528,Carrboro,NC,US,36
529,Carrollton,GA,US,17
530,Carrollton,TX,US,11
531,Carson,CA,US,14
532,Carson City,NV,US,41
533,Cary,NC,US,33
534,Cary,IL,US,18
535,Casa Grande,AZ,US,39
536,Casper,WY,US,5
537,Casselberry,FL,US,8
538,Castle Pines,CO,US,31
539,Castle Rock,CO,US,23
540,Castro Valley,CA,US,19
541,Catskill,NY,US,14
542,Cañon City,CO,US,6
543,Cedar City,UT,US,24
544,Cedar Falls,IA,US,47
545,Cedar Grove,NJ,US,18
546,Cedar Hill,TX,US,11
547,Cedar Rapids,IA,US,28
548,Celina,TX,US,14
549,Centennial,CO,US,12
550,Centerton,AR,US,10
551,Centerville,OH,US,32
552,Centerville,UT,US,17
553,Central City,CO,US,10
554,"Central Core, Austin",TX,US,39
555,Chamblee,GA,US,9
556,Champaign,IL,US,23
557,Chandler,AZ,US,26
558,Chanhassen,MN,US,30
559,Chantilly,VA,US,26
560,Chapel Hill,NC,US,32
561,Charleston,SC,US,9
562,Charleston,WV,US,22
563,Charlotte,NC,US,29
564,Charlottesville,VA,US,23
565,Chattanooga,TN,US,21
566,Chautauqua,NY,US,67
567,Chelmsford,MA,US,7
568,Chelsea,MI,US,50
569,Cherry Hill,NJ,US,26
570,Cherry Hills Village,CO,US,20
571,Chesapeake,VA,US,20
572,Chester,MD,US,16
573,Cheyenne,WY,US,7
574,Chicago,IL,US,7
575,Chico,CA,US,49
576,China Grove,NC,US,8
577,Chino,CA,US,21
578,Chino Hills,CA,US,25
579,Christiansburg,VA,US,24
580,Chula Vista,CA,US,23
581,Chunchula,AL,US,50
582,Cicero,IN,US,14
583,Cincinnati,OH,US,25
584,Claremont,CA,US,22
585,Clarkston,GA,US,9
586,Clarksville,TN,US,24
587,Clearwater,FL,US,9
588,Cleburne,TX,US,8
589,Clemson,SC,US,13
590,Clermont,FL,US,13
591,Cleveland,OH,US,29
592,Cleveland,TN,US,35
593,Clinton,NY,US,14
594,Clinton Township,MI,US,24
595,Closter,NJ,US,28
596,Clovis,CA,US,23
597,Cochituate,MA,US,11
598,Cockrell Hill,TX,US,10
599,Coeur D'Alene,ID,US,44
600,College Park,MD,US,20
601,College Park,GA,US,7
602,College Station,TX,US,19
603,Colleyville,TX,US,25
604,Collier County,FL,US,13
605,Collierville,TN,US,17
606,Colorado Springs,CO,US,38
607,Colorado Springs Metro,CO,US,35
608,Columbia,MD,US,33
609,Columbia,SC,US,8
610,Columbia,MO,US,36
611,Columbine Valley,CO,US,6
612,Columbus,IN,US,13
613,Columbus,OH,US,26
614,Columbus,NE,US,20
615,Columbus,GA,US,9
616,Combine,TX,US,23
617,Combined Locks,WI,US,21
618,Commerce,TX,US,12
619,Commerce,MI,US,24
620,Commerce City,CO,US,14
621,Concord,NH,US,14
622,Concord,NC,US,11
623,Conway,AR,US,19
624,Conyers,GA,US,11
625,Coon Rapids,MN,US,18
626,Cooperstown,NY,US,19
627,Coppell,TX,US,30
628,Copper Canyon,TX,US,22
629,Coral Gables,FL,US,11
630,Corinth,TX,US,22
631,Cornish,ME,US,29
632,Corona,CA,US,15
633,Coronado,CA,US,42
634,Corpus Christi,TX,US,8
635,Corsicana,TX,US,10
636,Corte Madera,CA,US,34
637,Corvallis,OR,US,66
638,Costa Mesa,CA,US,11
639,Cottonwood Heights,UT,US,24
640,Council Bluffs,IA,US,37
641,Covington,GA,US,11
642,Covington,KY,US,22
643,Cranberry,PA,US,24
644,Crandall,TX,US,14
645,Cranston,RI,US,15
646,Cresskill,NJ,US,21
647,Cresson,TX,US,28
648,Crested Butte,CO,US,87
649,Crestline,OH,US,37
650,Crofton,MD,US,25
651,Crosby,MN,US,16
652,Cross Roads,TX,US,14
653,Crowley,TX,US,12
654,Crown Point,IN,US,8
655,Crystal Lake,IL,US,7
656,Culver City,CA,US,29
657,Cumberland,MD,US,4
658,Cupertino,CA,US,26
659,Cutler Bay,FL,US,13
660,Cuyahoga Falls,OH,US,30
661,Dacono,CO,US,15
662,Dahlonega,GA,US,22
663,Dallas,GA,US,15
664,Dallas,TX,US,10
665,Dalworthington Gardens,TX,US,9
666,Damascus,MD,US,34
667,Dana Point,CA,US,21
668,Dania Beach,FL,US,6
669,Danville,KY,US,11
670,Danville,CA,US,36
671,Danville,IL,US,6
672,Darien,CT,US,9
673,Davenport,IA,US,32
674,Davenport,CA,US,65
675,Davie,FL,US,19
676,Davis,CA,US,77
677,Dayton,OH,US,28
678,Daytona Beach,FL,US,10
679,DeCordova,TX,US,9
680,DeLand,FL,US,6
681,DeSoto,TX,US,12
682,DeWitt,MI,US,56
683,Dearborn,MI,US,36
684,Decatur,IL,US,6
685,Decatur,GA,US,12
686,Decatur,AL,US,25
687,Decatur,TX,US,12
688,Dedham,MA,US,7
689,Deer Trail,CO,US,55
690,Deerfield,IL,US,8
691,Deerfield Beach,FL,US,13
692,Delafield,WI,US,30
693,Delaware,OH,US,37
694,Delray Beach,FL,US,10
695,Denton,TX,US,20
696,Denver,CO,US,43
697,Depew,NY,US,6
698,Derby,KS,US,9
699,Des Moines,IA,US,32
700,Des Plaines,IL,US,8
701,Destin,FL,US,30
702,Detroit,MI,US,42
703,Detroit Lakes,MN,US,7
704,Dixon,IL,US,5
705,Doral,FL,US,14
706,Double Oak,TX,US,17
707,Douglasville,GA,US,15
708,Dover,DE,US,17
709,Dover,NH,US,13
710,Downers Grove,IL,US,11
711,Downey,CA,US,11
712,Doylestown,PA,US,43
713,Dublin,OH,US,44
714,Dublin,TX,US,6
715,Dublin,CA,US,30
716,Dubuque,IA,US,34
717,Duluth,MN,US,9
718,Duluth,GA,US,19
719,Duncanville,TX,US,9
720,Dundee,NY,US,20
721,Dunedin,FL,US,9
722,Dunwoody,GA,US,14
723,Durango,CO,US,13
724,Durham,NC,US,16
725,Eagan,MN,US,43
726,Earlysville,VA,US,42
727,Easley,SC,US,9
728,East Dundee,IL,US,11
729,East Hanover,NJ,US,19
730,East Honolulu,HI,US,18
731,East Lansing,MI,US,37
732,East Merrimack,NH,US,19
733,East Northport,NY,US,9
734,East Palo Alto,CA,US,29
735,East Providence,RI,US,12
736,Easthampton Town,MA,US,11
737,Easton,PA,US,24
738,Easton,MD,US,12
739,Eastvale,CA,US,17
740,Eaton,CO,US,11
741,Eau Claire,WI,US,48
742,Eden Prairie,MN,US,43
743,Edgecliff Village,TX,US,3
744,Edgewater,NJ,US,23
745,Edgewater,CO,US,16
746,Edina,MN,US,20
747,Edmond,OK,US,22
748,Edmonds,WA,US,26
749,Edwardsville,IL,US,16
750,El Cerrito,CA,US,50
751,El Dorado Hills,CA,US,26
752,El Monte,CA,US,13
753,El Paso,TX,US,7
754,El Sobrante,CA,US,18
755,Elgin,IL,US,8
756,Elizabeth,NJ,US,40
757,Elizabethtown,KY,US,9
758,Elk Grove Village,IL,US,7
759,Ellicott City,MD,US,15
760,Elmhurst,IL,US,7
761,Elmwood,LA,US,16
762,Emerald Isle,NC,US,74
763,Emeryville,CA,US,42
764,Emmaus,PA,US,55
765,Empire,CO,US,17
766,Encinitas,CA,US,38
767,Englewood,CO,US,8
768,Enid,OK,US,37
769,Ennis,TX,US,10
770,Erie,CO,US,24
771,Erie,PA,US,41
772,Escondido,CA,US,20
773,Estero,FL,US,21
774,Estes Park,CO,US,25
775,Euclid,OH,US,20
776,Eugene,OR,US,36
777,Euless,TX,US,11
778,Eureka,CA,US,27
779,Evans,CO,US,4
780,Evanston,IL,US,36
781,Evansville,IN,US,6
782,Everett,WA,US,41
783,Everman,TX,US,8
784,Fairbanks,AK,US,26
785,Fairfax,VA,US,44
786,Fairfield,CT,US,22
787,Fairfield,CA,US,23
788,Fairhope,AL,US,55
789,Fairport,NY,US,14
790,Fairview,TX,US,26
791,Fall River,MA,US,6
792,Falls Church,VA,US,33
793,Falmouth,MA,US,18
794,Fargo,ND,US,46
795,Faribault,MN,US,12
796,Farmers Branch,TX,US,11
797,Farmersville,TX,US,14
798,Farmington,NM,US,11
799,Farmington,UT,US,20
800,Farmington Hills,MI,US,23
801,Fate,TX,US,11
802,Fayette,MO,US,88
803,Fayetteville,NC,US,10
804,Fayetteville,AR,US,48
805,Fayetteville,GA,US,23
806,Federal Heights,CO,US,7
807,Federal Way,WA,US,24
808,Fergus Falls,MN,US,11
809,Ferndale,MI,US,50
810,Ferris,TX,US,11
811,Findlay,OH,US,30
812,Firestone,CO,US,21
813,Firthcliffe,NY,US,14
814,Fishers,IN,US,35
815,Fitchburg,WI,US,40
816,Flagstaff,AZ,US,42
817,Flint,MI,US,24
818,Florence,AZ,US,36
819,Flossmoor,IL,US,6
820,Flower Mound,TX,US,34
821,Folsom,CA,US,35
822,Fond du Lac,WI,US,54
823,Fontana,CA,US,22
824,Forest Hill,TX,US,4
825,Forney,TX,US,15
826,Fort Atkinson,WI,US,39
827,Fort Collins,CO,US,49
828,Fort Dodge,IA,US,19
829,Fort Lauderdale,FL,US,11
830,Fort Myers,FL,US,14
831,Fort Pierce,FL,US,6
832,Fort Scott,KS,US,6
833,Fort Smith,AR,US,6
834,Fort Valley,GA,US,9
835,Fort Wayne,IN,US,10
836,Fort Worth,TX,US,9
837,Fort Wright,KY,US,22
838,Fountain Valley,CA,US,13
839,Foxborough,MA,US,16
840,Foxfield,CO,US,14
841,Framingham,MA,US,10
842,Frankenmuth,MI,US,56
843,Franklin,TN,US,24
844,Franklin,NC,US,8
845,Franklin,WI,US,26
846,Frederick,CO,US,16
847,Frederick,MD,US,12
848,Fredericksburg,VA,US,31
849,Fremont,CA,US,20
850,Fresno,CA,US,18
851,Frisco,TX,US,18
852,Fruita,CO,US,12
853,Fryeburg,ME,US,46
854,Fullerton,CA,US,26
855,Gahanna,OH,US,28
856,Gainesville,FL,US,17
857,Gaithersburg,MD,US,22
858,Galena,IL,US,17
859,Gallup,NM,US,8
860,Galt,CA,US,46
861,Galveston,TX,US,7
862,Gambrills,MD,US,14
863,Garden City,CO,US,5
864,Garden Grove,CA,US,17
865,Garland,TX,US,7
866,Garner,NC,US,13
867,Gary,IN,US,4
868,Geneva,NY,US,9
869,Georgetown,TX,US,14
870,Georgetown,CO,US,24
871,Germantown,MD,US,24
872,Germantown,TN,US,16
873,Gibraltar,WI,US,36
874,Gilbert,AZ,US,27
875,Gillette,WY,US,27
876,Gilroy,CA,US,29
877,Glen Allen,VA,US,12
878,Glen Burnie,MD,US,16
879,Glen Ellyn,IL,US,8
880,Glen Rose,TX,US,13
881,Glendale,CO,US,47
882,Glendale,CA,US,19
883,Glendale,WI,US,35
884,Glendale,AZ,US,25
885,Godley,TX,US,31
886,Golden,CO,US,23
887,Goleta,CA,US,34
888,Goodyear,AZ,US,23
889,Goose Creek,SC,US,16
890,Granbury,TX,US,12
891,Grand Blanc,MI,US,22
892,Grand Forks,ND,US,57
893,Grand Haven,MI,US,59
894,Grand Island,NE,US,30
895,Grand Junction,CO,US,12
896,Grand Ledge,MI,US,49
897,Grand Marais,MN,US,28
898,Grand Prairie,TX,US,9
899,Grand Rapids,MN,US,11
900,Grand Rapids,MI,US,24
901,Grandview,TX,US,18
902,Grandview Heights,OH,US,24
903,Grandville,MI,US,41
904,Granger,IN,US,14
905,Grants,NM,US,14
906,Grants Pass,OR,US,30
907,Grapevine,TX,US,17
908,Grass Valley,CA,US,20
909,Grayson,GA,US,19
910,Great Falls,MT,US,36
911,Greece,NY,US,14
912,Greeley,CO,US,10
913,Green Bay,WI,US,38
914,Greenbelt,MD,US,12
915,Greenfield,MA,US,9
916,Greenlawn,NY,US,7
917,Greensboro,NC,US,7
918,Greenville,NC,US,12
919,Greenville,OH,US,30
920,Greenville,TX,US,10
921,Greenville,SC,US,16
922,Greenwich,CT,US,19
923,Greenwood Village,CO,US,20
924,Gresham,OR,US,20
925,Grosse Pointe Woods,MI,US,44
926,Grover Beach,CA,US,45
927,Guadalupe,CA,US,51
928,Gulf Shores,AL,US,29
929,Gulfport,MS,US,18
930,Gulfport,FL,US,3
931,Gunnison,CO,US,33
932,Gustine,CA,US,56
933,Hackberry,TX,US,14
934,Hackettstown,NJ,US,38
935,Hagerstown,MD,US,6
936,Hales Corners,WI,US,39
937,Half Moon Bay,CA,US,49
938,Haltom City,TX,US,6
939,Hamburg,MI,US,24
940,Hammond,IN,US,5
941,Hammonton,NJ,US,20
942,Hancocks Bridge,NJ,US,29
943,Hanover Park,IL,US,13
944,Hapeville,GA,US,7
945,Happy Valley,OR,US,19
946,Harleysville,PA,US,54
947,Harlingen,TX,US,7
948,Harrisburg,PA,US,27
949,Harrisonburg,VA,US,23
950,Hartford,CT,US,16
951,Haslet,TX,US,20
952,Hastings,MN,US,23
953,Hatch,NM,US,13
954,Hattiesburg,MS,US,18
955,Hayward,WI,US,58
956,Healdsburg,CA,US,48
957,Heath,TX,US,25
958,Heber,UT,US,33
959,Helena,MT,US,62
960,Henderson,NV,US,31
961,Herndon,VA,US,20
962,Hialeah,FL,US,4
963,Hickory,NC,US,7
964,Hickory Creek,TX,US,14
965,High Bridge,NJ,US,62
966,High Point,NC,US,7
967,Highland,IN,US,8
968,Highland,UT,US,26
969,Highland Park,IL,US,29
970,Highland Park,TX,US,10
971,Highland Village,TX,US,29
972,Highlands Ranch,CO,US,17
973,Hillman,MI,US,52
974,Hillsboro,OR,US,36
975,Hilo,HI,US,17
976,Hilton Head Island,SC,US,43
977,Hiram,GA,US,11
978,Hobe Sound,FL,US,15
979,Hoboken,NJ,US,62
980,Hoffman Estates,IL,US,41
981,Holbrook,MA,US,13
982,Holland,MI,US,38
983,Holly Springs,NC,US,16
984,Holt,MI,US,26
985,Holton,KS,US,11
986,Homewood,IL,US,7
987,Honolulu,HI,US,17
988,Hood River,OR,US,27
989,Hooksett,NH,US,21
990,Hoover,AL,US,22
991,Hopewell,VA,US,23
992,Hopkins,MN,US,24
993,Horn Lake,MS,US,21
994,Hot Springs,AR,US,6
995,Houston,TX,US,10
996,Hudson,WI,US,54
997,Hudson Oaks,TX,US,6
998,Hummelstown,PA,US,8
999,Huntersville,NC,US,10
1000,Huntington,WV,US,41
1001,Huntington Beach,CA,US,11
1002,Huntington Station,NY,US,6
1003,Huntsville,AL,US,21
1004,Hurst,TX,US,8
1005,Hutchins,TX,US,18
1006,Hutchinson,KS,US,4
1007,Idaho Falls,ID,US,13
1008,Idaho Springs,CO,US,23
1009,Imperial Beach,CA,US,42
1010,Independence,MO,US,32
1011,Indialantic,FL,US,17
1012,Indian Harbour Beach,FL,US,16
1013,Indianapolis,IN,US,10
1014,Indio,CA,US,14
1015,Inverness,FL,US,8
1016,Iola,KS,US,11
1017,Iowa City,IA,US,43
1018,Irmo,SC,US,10
1019,Irvine,CA,US,30
1020,Irving,TX,US,10
1021,Isla Vista,CA,US,61
1022,Issaquah,WA,US,39
1023,Italy,TX,US,14
1024,Ithaca,NY,US,9
1025,Jackson,MS,US,12
1026,Jackson,TN,US,16
1027,Jackson,MI,US,37
1028,Jackson,WY,US,79
1029,Jacksonville,FL,US,17
1030,Jacksonville Beach,FL,US,13
1031,Janesville,WI,US,40
1032,Jasper,AL,US,48
1033,Jefferson,WI,US,25
1034,Jefferson,GA,US,19
1035,Jersey City,NJ,US,27
1036,Johns Creek,GA,US,23
1037,Johnson City,TN,US,31
1038,Johnstown,CO,US,14
1039,Joliet,IL,US,9
1040,Jonesboro,AR,US,9
1041,Joplin,MO,US,23
1042,Josephine,TX,US,20
1043,Joshua,TX,US,16
1044,Juneau,AK,US,31
1045,Justin,TX,US,23
1046,Kailua,HI,US,26
1047,Kalamazoo,MI,US,30
1048,Kalispell,MT,US,38
1049,Kankakee,IL,US,5
1050,Kansas City,KS,US,8
1051,Kansas City,MO,US,28
1052,Kapolei,HI,US,17
1053,Katy,TX,US,15
1054,Kaufman,TX,US,14
1055,Kaunakakai,HI,US,48
1056,Kearney,NE,US,22
1057,Keene,NH,US,11
1058,Keene,TX,US,12
1059,Keller,TX,US,18
1060,Kemp,TX,US,22
1061,Kennedale,TX,US,11
1062,Kenner,LA,US,23
1063,Kennesaw,GA,US,14
1064,Kennewick,WA,US,15
1065,Kenosha,WI,US,38
1066,Kent,OH,US,37
1067,Kent,WA,US,20
1068,Kentwood,MI,US,27
1069,Kerens,TX,US,17
1070,Ketchum,ID,US,19
1071,Kettering,OH,US,33
1072,Key West,FL,US,66
1073,Kings Park,NY,US,10
1074,Kingsport,TN,US,14
1075,Kingston,NY,US,13
1076,Kirkland,WA,US,31
1077,Kittery,ME,US,22
1078,Klamath Falls,OR,US,29
1079,Knoxville,TN,US,28
1080,Krugerville,TX,US,19
1081,Krum,TX,US,21
1082,La Crescent,MN,US,17
1083,La Crosse,WI,US,60
1084,La Grange,IL,US,6
1085,La Mesa,CA,US,31
1086,La Porte,IN,US,16
1087,La Quinta,CA,US,27
1088,La Salle,CO,US,5
1089,La Verne,CA,US,12
1090,LaGrange,GA,US,10
1091,Lacey,WA,US,29
1092,Ladera Ranch,CA,US,19
1093,Lafayette,CA,US,19
1094,Lafayette,IN,US,11
1095,Lafayette,CO,US,29
1096,Lafayette,LA,US,16
1097,Laguna Beach,CA,US,33
1098,Laguna Niguel,CA,US,19
1099,Laguna Woods,CA,US,13
1100,Lahaina,HI,US,46
1101,Lake Charles,LA,US,17
1102,Lake Dallas,TX,US,15
1103,Lake Elsinore,CA,US,29
1104,Lake Geneva,WI,US,67
1105,Lake Grove,NY,US,9
1106,Lake Mary,FL,US,16
1107,Lake Mohegan,NY,US,14
1108,Lake Oswego,OR,US,20
1109,Lake Worth,TX,US,10
1110,Lakeland,FL,US,9
1111,Lakeside,TX,US,7
1112,Lakeville,MA,US,16
1113,Lakeville,MN,US,34
1114,Lakewood,CO,US,25
1115,Lakewood Ranch,FL,US,16
1116,Lamar,TX,US,30
1117,Lancaster,PA,US,25
1118,Lancaster,TX,US,10
1119,Lanesboro,MN,US,16
1120,Lansdale,PA,US,27
1121,Lansdowne,PA,US,36
1122,Lansing,MI,US,37
1123,Laramie,WY,US,9
1124,Larkspur,CO,US,31
1125,Las Cruces,NM,US,8
1126,Las Vegas,NM,US,7
1127,Las Vegas,NV,US,19
1128,Lavon,TX,US,25
1129,Lawrence,KS,US,42
1130,Lawrence,IN,US,12
1131,Lawrenceville,GA,US,16
1132,Leavenworth,KS,US,18
1133,Lebanon,OH,US,26
1134,Lebanon,PA,US,17
1135,Lebanon,NH,US,32
1136,Lebanon,IL,US,60
1137,Lee's Summit,MO,US,29
1138,Leesburg,VA,US,32
1139,Lehi,UT,US,30
1140,Leighton,AL,US,34
1141,Leland,NC,US,15
1142,Lenexa,KS,US,33
1143,Lewes,DE,US,26
1144,Lewisburg,KY,US,41
1145,Lewiston,MN,US,32
1146,Lewiston,ME,US,37
1147,Lewisville,TX,US,16
1148,Lexington,KY,US,20
1149,Lexington,MA,US,20
1150,Liberal,KS,US,5
1151,Liberty,UT,US,22
1152,Libertyville,IL,US,11
1153,Lilburn,GA,US,13
1154,Lima,OH,US,21
1155,Lincoln,NE,US,36
1156,Lincoln City,OR,US,38
1157,Lithonia,GA,US,6
1158,Little Elm,TX,US,17
1159,Little Rock,AR,US,12
1160,Littleton,NH,US,20
1161,Littleton,CO,US,17
1162,Live Oak,FL,US,11
1163,Livermore,CA,US,26
1164,Livonia,MI,US,38
1165,Lochbuie,CO,US,9
1166,Locust Grove,GA,US,18
1167,Lodi,CA,US,20
1168,Logan,UT,US,45
1169,Lombard,IL,US,11
1170,Lompoc,CA,US,58
1171,Lone Tree,CO,US,24
1172,Long Beach,CA,US,36
1173,Long Beach,NY,US,6
1174,Long Lake,MN,US,30
1175,Longmont,CO,US,59
1176,Longview,TX,US,9
1177,Lordsburg,NM,US,8
1178,Los Alamos,NM,US,22
1179,Los Altos,CA,US,28
1180,Los Angeles,CA,US,20
1181,Los Gatos,CA,US,20
1182,Louisville,CO,US,51
1183,Louisville,KY,US,9
1184,Loveland,CO,US,29
1185,Loves Park,IL,US,8
1186,Lowell,IN,US,9
1187,Lowell,MA,US,5
1188,Lowry Crossing,TX,US,21
1189,Lubbock,TX,US,7
1190,Lucas,TX,US,15
1191,Lynchburg,VA,US,22
1192,Lynnwood,WA,US,34
1193,Lyons,CO,US,23
1194,Mabank,TX,US,14
1195,Mackinac Island,MI,US,99
1196,Macomb,MI,US,18
1197,Macomb,IL,US,18
1198,Macon,GA,US,9
1199,Madison,AL,US,36
1200,Madison,WI,US,58
1201,Malden,MA,US,4
1202,Manassas,VA,US,31
1203,Manchester,CT,US,18
1204,Manchester,NH,US,11
1205,Mandeville,LA,US,29
1206,Manhasset,NY,US,15
1207,Manhattan,KS,US,12
1208,Manhattan,NY,US,42
1209,Manhattan Beach,CA,US,49
1210,Manitou Springs,CO,US,59
1211,Mankato,MN,US,18
1212,Mansfield,OH,US,14
1213,Mansfield,TX,US,21
1214,Maple Grove,MN,US,49
1215,Maplewood,MN,US,19
1216,Maplewood,NJ,US,24
1217,Marana,AZ,US,27
1218,Margate City,NJ,US,49
1219,Marietta,GA,US,11
1220,Marquette,MI,US,61
1221,Marrero,LA,US,22
1222,Marshfield,WI,US,69
1223,Maryville,TN,US,30
1224,Mason City,IA,US,14
1225,Massapequa,NY,US,5
1226,Massapequa Park,NY,US,3
1227,Massillon,OH,US,26
1228,Matthews,NC,US,17
1229,McAllen,TX,US,6
1230,McCook,IL,US,14
1231,McDonough,GA,US,17
1232,McKinney,TX,US,22
1233,McLean,VA,US,16
1234,McLendon-Chisholm,TX,US,11
1235,McMurray,PA,US,21
1236,Mead,CO,US,16
1237,Mechanicsburg,PA,US,24
1238,Medford,NJ,US,25
1239,Medford,OR,US,26
1240,Media,PA,US,40
1241,Melbourne,FL,US,15
1242,Melbourne Beach,FL,US,17
1243,Melissa,TX,US,21
1244,Melrose,MA,US,12
1245,Memphis,TN,US,12
1246,Menifee,CA,US,22
1247,Menlo Park,CA,US,41
1248,Menomonee Falls,WI,US,38
1249,Meriden,CT,US,14
1250,Meridian,ID,US,21
1251,Meridian,MS,US,20
1252,Merrick,NY,US,6
1253,Mesa,AZ,US,22
1254,Mesquite,TX,US,22
1255,Metairie,LA,US,26
1256,Miami,FL,US,22
1257,Miami Beach,FL,US,46
1258,Miami Gardens,FL,US,4
1259,Miami Springs,FL,US,4
1260,Miamisburg,OH,US,25
1261,Middlebury,VT,US,34
1262,Middleton,WI,US,39
1263,Middletown,DE,US,37
1264,Middletown,CT,US,24
1265,Midland,MI,US,48
1266,Midland,TX,US,9
1267,Midlothian,TX,US,13
1268,Midvale,UT,US,17
1269,Midway,KY,US,19
1270,Mifflinburg,PA,US,60
1271,Milford,NH,US,15
1272,Mill Valley,CA,US,35
1273,Millburn,NJ,US,31
1274,Millbury,MA,US,14
1275,Milliken,CO,US,15
1276,Milton,GA,US,12
1277,Milwaukee,WI,US,45
1278,Milwaukie,OR,US,25
1279,Mineral Wells,TX,US,9
1280,Minneapolis,MN,US,69
1281,Minnetonka,MN,US,28
1282,Minot,ND,US,26
1283,Mission,TX,US,6
1284,Missoula,MT,US,52
1285,Moab,UT,US,27
1286,Mobile,AL,US,22
1287,Modesto,CA,US,23
1288,Moline,IL,US,11
1289,Monona,WI,US,59
1290,Monroe,LA,US,22
1291,Montebello,CA,US,28
1292,Monterey,CA,US,43
1293,Montgomery,AL,US,21
1294,Montpelier,VT,US,19
1295,Montrose,CO,US,42
1296,Mooresville,NC,US,10
1297,Moreno Valley,CA,US,17
1298,Morgan City,LA,US,49
1299,Morgan Hill,CA,US,19
1300,Morgantown,WV,US,32
1301,Morrison,CO,US,32
1302,Morristown,NJ,US,37
1303,Morrisville,NC,US,18
1304,Morro Bay,CA,US,34
1305,Morrow,GA,US,14
1306,Morton,IL,US,12
1307,Moscow,ID,US,8
1308,Mosquero,NM,US,29
1309,Mount Dora,FL,US,8
1310,Mount Hope,OH,US,30
1311,Mount Juliet,TN,US,23
1312,Mount Pleasant,SC,US,14
1313,Mount Prospect,IL,US,8
1314,Mount Vernon,NY,US,2
1315,Mountain Home,AR,US,9
1316,Mountain View,CA,US,30
1317,Mundelein,IL,US,37
1318,Munster,IN,US,10
1319,Murdock,NE,US,84
1320,Murfreesboro,TN,US,31
1321,Murphy,TX,US,10
1322,Murrieta,CA,US,28
1323,Muskegon,MI,US,52
1324,Muskogee,OK,US,25
1325,Myrtle Beach,SC,US,13
1326,Mystic,CT,US,25
1327,Nantucket,MA,US,40
1328,Napa,CA,US,41
1329,Naperville,IL,US,17
1330,Naples,FL,US,10
1331,Narragansett,RI,US,14
1332,Narragansett Pier,RI,US,16
1333,Nashua,NH,US,14
1334,Nashville,TN,US,24
1335,Natick,MA,US,8
1336,Nederland,CO,US,16
1337,Needham,MA,US,6
1338,Neenah,WI,US,28
1339,Neptune City,NJ,US,11
1340,Nether Providence,PA,US,20
1341,Nevada,TX,US,21
1342,New Albany,OH,US,31
1343,New Berlin,WI,US,30
1344,New Brighton,MN,US,18
1345,New Brunswick,NJ,US,41
1346,New Fairview,TX,US,44
1347,New Hartford,NY,US,11
1348,New Haven,CT,US,21
1349,New Orleans,LA,US,21
1350,New Paltz,NY,US,16
1351,New Philadelphia,OH,US,31
1352,New Port Richey,FL,US,13
1353,New Smyrna Beach,FL,US,11
1354,New Ulm,MN,US,11
1355,New York,NY,US,55
1356,Newark,TX,US,15
1357,Newark,DE,US,32
1358,Newark,NJ,US,22
1359,Newburg,MO,US,37
1360,Newburgh,NY,US,6
1361,Newbury Park,CA,US,27
1362,Newburyport,MA,US,14
1363,Newington,CT,US,17
1364,Newnan,GA,US,14
1365,Newport,RI,US,13
1366,Newport News,VA,US,24
1367,Newton,MA,US,8
1368,Newton Hamilton,PA,US,18
1369,Noblesville,IN,US,20
1370,Nogales,AZ,US,29
1371,Norcross,GA,US,9
1372,Norfolk,VA,US,23
1373,Norfolk,NE,US,28
1374,Normal,IL,US,19
1375,Norman,OK,US,22
1376,North Augusta,SC,US,12
1377,North Bellmore,NY,US,5
1378,North Canton,OH,US,25
1379,North Kansas City,MO,US,24
1380,North Little Rock,AR,US,8
1381,North Miami,FL,US,5
1382,North Miami Beach,FL,US,9
1383,North Olmsted,OH,US,19
1384,North Platte,NE,US,23
1385,North Port,FL,US,6
1386,North Richland Hills,TX,US,12
1387,North Wildwood,NJ,US,56
1388,Northampton,MA,US,17
1389,Northbrook,IL,US,8
1390,Northfield,MN,US,17
1391,Northfield,NJ,US,38
1392,Northglenn,CO,US,26
1393,Northlake,TX,US,22
1394,Northport,NY,US,13
1395,Northville,MI,US,33
1396,Norwalk,CT,US,20
1397,Norwood,MA,US,8
1398,O'Fallon,MO,US,17
1399,Oak Leaf,TX,US,10
1400,Oak Park,IL,US,4
1401,Oak Point,TX,US,15
1402,Oakdale,MN,US,35
1403,Oakland,CA,US,40
1404,Oberlin,OH,US,67
1405,Ocala,FL,US,9
1406,Ocean City,NJ,US,60
1407,Ocean View,DE,US,15
1408,Oceanside,CA,US,27
1409,Ocoee,FL,US,10
1410,Odenton,MD,US,25
1411,Odessa,FL,US,40
1412,Ogden,UT,US,28
1413,Okemos,MI,US,24
1414,Oklahoma City,OK,US,22
1415,Olathe,KS,US,22
1416,Old Orchard,PA,US,41
1417,Old Orchard Beach,ME,US,22
1418,Old Saybrook,CT,US,31
1419,Olive Branch,MS,US,18
1420,Olmos Park,TX,US,5
1421,Olympia,WA,US,27
1422,Omaha,NE,US,31
1423,Opelika,AL,US,22
1424,Orange,CA,US,17
1425,Oregon City,OR,US,23
1426,Orem,UT,US,22
1427,Orland,CA,US,44
1428,Orlando,FL,US,24
1429,Ormond Beach,FL,US,13
1430,Oro Valley,AZ,US,36
1431,Orono,ME,US,29
1432,Oshkosh,WI,US,35
1433,Oswego,IL,US,38
1434,Oswego,NY,US,6
1435,Ottawa,KS,US,6
1436,Overland Park,KS,US,32
1437,Oviedo,FL,US,15
1438,Ovilla,TX,US,14
1439,Owensboro,KY,US,10
1440,Owings Mills,MD,US,17
1441,Oxford,GA,US,7
1442,Oxford,OH,US,44
1443,Oxford,MS,US,45
1444,Oxnard,CA,US,37
1445,Pacifica,CA,US,31
1446,Paducah,KY,US,4
1447,Palatine,IL,US,10
1448,Palm Coast,FL,US,12
1449,Palm Desert,CA,US,22
1450,Palm Springs,CA,US,29
1451,Palmer,TX,US,26
1452,Palmer Heights,PA,US,12
1453,Palmetto Bay,FL,US,5
1454,Palo Alto,CA,US,52
1455,Pantego,TX,US,11
1456,Paoli,PA,US,19
1457,Papillion,NE,US,36
1458,Paradise,NV,US,17
1459,Paramus,NJ,US,21
1460,Park City,UT,US,49
1461,Park Rapids,MN,US,10
1462,Park Ridge,IL,US,5
1463,Parker,TX,US,10
1464,Parker,CO,US,20
1465,Parkersburg,WV,US,18
1466,Parkland,FL,US,24
1467,Pasadena,CA,US,16
1468,Pasadena,TX,US,6
1469,Pasadena,MD,US,13
1470,Paso Robles,CA,US,19
1471,Paterson,NJ,US,13
1472,Pawtucket,RI,US,9
1473,Peachtree City,GA,US,40
1474,Peachtree Corners,GA,US,13
1475,Pekin,IL,US,7
1476,Pelham,AL,US,28
1477,Pelham Manor,NY,US,2
1478,Pelican Bay,TX,US,8
1479,Pella,IA,US,44
1480,Penn Yan,NY,US,9
1481,Penngrove,CA,US,8
1482,Pensacola,FL,US,23
1483,Pentwater,MI,US,43
1484,Peoria,AZ,US,21
1485,Peoria,IL,US,8
1486,Petaluma,CA,US,43
1487,Peters,PA,US,21
1488,Philadelphia,PA,US,57
1489,Phoenix,AZ,US,28
1490,Phoenixville,PA,US,21
1491,Pierre,SD,US,36
1492,Pilot Point,TX,US,15
1493,Pine,PA,US,22
1494,Pine Bluff,AR,US,6
1495,Pinecrest,FL,US,7
1496,Piscataway,NJ,US,22
1497,Pismo Beach,CA,US,23
1498,Pittsburgh,PA,US,28
1499,Pittsfield,MA,US,10
1500,Pittsfield Charter Township,MI,US,23
1501,Pittsford,NY,US,14
1502,Plainfield,NJ,US,61
1503,Plainfield,IL,US,17
1504,Plainview,NY,US,9
1505,Plano,TX,US,10
1506,Plantation,FL,US,20
1507,Plattsburgh,NY,US,9
1508,Pleasanton,CA,US,31
1509,Pocatello,ID,US,6
1510,Point Arena,CA,US,69
1511,Pomona,CA,US,22
1512,Pompano Beach,FL,US,9
1513,Ponder,TX,US,35
1514,Ponte Vedra,FL,US,25
1515,Pontiac,MI,US,28
1516,Port Angeles,WA,US,39
1517,Port Chester,NY,US,6
1518,Port Orchard,WA,US,21
1519,Port St. Lucie,FL,US,12
1520,Port Townsend,WA,US,65
1521,Port Washington,NY,US,15
1522,Portage,MI,US,44
1523,Portland,OR,US,58
1524,Portland,ME,US,31
1525,Portsmouth,NH,US,18
1526,Pottstown,PA,US,28
1527,Poway,CA,US,25
1528,Powder Springs,GA,US,15
1529,Powell,WY,US,12
1530,Prescott,AZ,US,37
1531,Presque Isle,ME,US,25
1532,Princeton,IL,US,12
1533,Princeton,TX,US,28
1534,Princeton,NJ,US,28
1535,Prior Lake,MN,US,33
1536,Prosper,TX,US,22
1537,Providence,RI,US,27
1538,Providence Village,TX,US,24
1539,Provincetown,MA,US,88
1540,Provo,UT,US,28
1541,Pueblo,CO,US,5
1542,Pullman,WA,US,47
1543,Putnam,CT,US,23
1544,Queens,NY,US,57
1545,Quincy,IL,US,6
1546,Quincy,CA,US,46
1547,Quinlan,TX,US,21
1548,Racine,WI,US,40
1549,Raleigh,NC,US,19
1550,Rancho Cordova,CA,US,25
1551,Rancho Cucamonga,CA,US,15
1552,Rancho Santa Margarita,CA,US,15
1553,Randolph,NJ,US,19
1554,Rapid City,SD,US,42
1555,Ravenna,OH,US,31
1556,Reading,PA,US,17
1557,Red Bank,NJ,US,19
1558,Red Oak,TX,US,21
1559,Red Wing,MN,US,18
1560,Redding,CA,US,20
1561,Redlands,CA,US,22
1562,Redmond,OR,US,21
1563,Redmond,WA,US,28
1564,Redondo Beach,CA,US,34
1565,Redwood City,CA,US,40
1566,Rehoboth Beach,DE,US,32
1567,Reidsville,GA,US,16
1568,Reminderville,OH,US,32
1569,Reno,TX,US,9
1570,Reno,NV,US,23
1571,Reston,VA,US,30
1572,Revere,MA,US,7
1573,Rexburg,ID,US,25
1574,Rhome,TX,US,28
1575,Rialto,CA,US,18
1576,Rice,TX,US,18
1577,Richardson,TX,US,14
1578,Richfield,MN,US,22
1579,Richfield,UT,US,27
1580,Richland,WA,US,22
1581,Richland Hills,TX,US,3
1582,Richmond,IN,US,9
1583,Richmond,VA,US,22
1584,Richmond,CA,US,28
1585,Ridgefield,CT,US,21
1586,Ridgeland,MS,US,23
1587,Ridgewood,NJ,US,32
1588,Rio Rancho,NM,US,8
1589,Rio Vista,TX,US,25
1590,River Falls,WI,US,46
1591,River Oaks,TX,US,4
1592,Riverside,CA,US,22
1593,Riverview,FL,US,22
1594,Roanoke,TX,US,28
1595,Roanoke,VA,US,25
1596,Roberta,GA,US,18
1597,Robinson,PA,US,27
1598,Rochester,MI,US,61
1599,Rochester,MN,US,38
1600,Rochester,NY,US,7
1601,Rock Hill,SC,US,12
1602,Rock Island,IL,US,7
1603,Rockaway,NJ,US,19
1604,Rockford,IL,US,7
1605,Rocklin,CA,US,20
1606,Rockville,MD,US,19
1607,Rockwall,TX,US,21
1608,Rocky Hill,CT,US,14
1609,Rogers,AR,US,31
1610,Rohnert Park,CA,US,47
1611,Romeo,MI,US,39
1612,Roseburg,OR,US,26
1613,Roseville,MN,US,20
1614,Roseville,CA,US,17
1615,Roswell,NM,US,6
1616,Roswell,GA,US,17
1617,Round Rock,TX,US,11
1618,Rowlett,TX,US,13
1619,Royal Oak,MI,US,39
1620,Royal Palm Beach,FL,US,18
1621,Royse City,TX,US,14
1622,Ruidoso,NM,US,8
1623,Runaway Bay,TX,US,28
1624,Russellville,AR,US,8
1625,Ruston,LA,US,23
1626,Rutland,VT,US,62
1627,Rye,NY,US,5
1628,Sachse,TX,US,10
1629,Sacramento,CA,US,32
1630,Saginaw,TX,US,30
1631,Saginaw,MI,US,22
1632,Salem,MA,US,11
1633,Salem,OR,US,20
1634,Salida,CO,US,64
1635,Salina,KS,US,5
1636,Salinas,CA,US,29
1637,Salisbury,MD,US,23
1638,Salt Lake City,UT,US,49
1639,San Angelo,TX,US,6
1640,San Antonio,TX,US,13
1641,San Bernardino,CA,US,15
1642,San Bruno,CA,US,23
1643,San Carlos,CA,US,36
1644,San Clemente,CA,US,28
1645,San Diego,CA,US,30
1646,San Elizario,TX,US,13
1647,San Francisco,CA,US,63
1648,San Jose,CA,US,28
1649,San Juan,PR,US,41
1650,San Juan Capistrano,CA,US,22
1651,San Luis,AZ,US,32
1652,San Luis Obispo,CA,US,63
1653,San Marcos,CA,US,32
1654,San Mateo,CA,US,38
1655,San Rafael,CA,US,29
1656,San Ramon,CA,US,30
1657,Sandpoint,ID,US,20
1658,Sandusky,OH,US,16
1659,Sandy,UT,US,22
1660,Sandy Springs,GA,US,9
1661,Sanford,FL,US,11
1662,Sanger,TX,US,12
1663,Sanibel,FL,US,63
1664,Sansom Park,TX,US,6
1665,Santa Ana,CA,US,18
1666,Santa Barbara,CA,US,45
1667,Santa Barbara County,CA,US,41
1668,Santa Clara,CA,US,24
1669,Santa Clarita,CA,US,31
1670,Santa Claus,IN,US,42
1671,Santa Cruz,CA,US,26
1672,Santa Fe,NM,US,31
1673,Santa Maria,CA,US,35
1674,Santa Monica,CA,US,55
1675,Santa Rosa,NM,US,9
1676,Santa Rosa,CA,US,29
1677,Santaquin,UT,US,40
1678,Santee,CA,US,15
1679,Sarasota,FL,US,6
1680,Saratoga,CA,US,24
1681,Saratoga Springs,NY,US,9
1682,Satellite Beach,FL,US,8
1683,Saugerties,NY,US,15
1684,Savannah,GA,US,8
1685,Scarborough,ME,US,24
1686,Scarsdale,NY,US,3
1687,Scenario 1: NEO 7-mile radius (5-mile bikeshed),AR,US,39
1688,Scenario 1: NEO 7-mile radius (7-mile bikeshed),AR,US,41
1689,Scenario 1: NEO 7-mile radius (default bikeshed),AR,US,38
1690,Scenario 2: NEO 7-mile radius (5-mile bikeshed),AR,US,43
1691,Scenario 2: NEO 7-mile radius (default bikeshed),AR,US,40
1692,Schaumburg,IL,US,35
1693,Schererville,IN,US,8
1694,Schuylkill,PA,US,15
1695,Scotts Valley,CA,US,33
1696,Scottsdale,AZ,US,23
1697,Scranton,PA,US,27
1698,Seagoville,TX,US,19
1699,Searcy,AR,US,12
1700,Seaside,CA,US,60
1701,Seattle,WA,US,63
1702,Sebastopol,CA,US,39
1703,Sebring,FL,US,10
1704,Sedona,AZ,US,54
1705,Seminole,FL,US,7
1706,Senoia,GA,US,9
1707,Severance,CO,US,26
1708,Severna Park,MD,US,19
1709,Shady Shores,TX,US,10
1710,Shaker Heights,OH,US,31
1711,Shakopee,MN,US,27
1712,Shawnee,KS,US,15
1713,Sheboygan,WI,US,58
1714,Shelby,NC,US,10
1715,Sheridan,CO,US,9
1716,Shiloh,IL,US,12
1717,Shoreview,MN,US,34
1718,Shorewood,IL,US,16
1719,Shorewood,WI,US,75
1720,Shreveport,LA,US,19
1721,Sierra Vista,AZ,US,27
1722,Siloam Springs,AR,US,15
1723,Silver City,NM,US,8
1724,Silver Plume,CO,US,12
1725,Silver Spring,MD,US,12
1726,Silverdale,WA,US,14
1727,Silverthorne,CO,US,28
1728,Simi Valley,CA,US,20
1729,Simsbury,CT,US,35
1730,Sioux City,IA,US,28
1731,Sioux Falls,SD,US,24
1732,Skokie,IL,US,5
1733,Slatington,PA,US,35
1734,Smithville,MO,US,25
1735,Smyrna,GA,US,21
1736,Socorro,NM,US,20
1737,Solana Beach,CA,US,30
1738,Soldotna,AK,US,64
1739,Solvang,CA,US,39
1740,Somerville,MA,US,56
1741,Sonoma,CA,US,69
1742,Sonora,CA,US,24
1743,Sopchoppy,FL,US,26
1744,South Bend,IN,US,7
1745,South Burlington,VT,US,38
1746,South Lake Tahoe,CA,US,39
1747,South Miami,FL,US,5
1748,South Pasadena,CA,US,35
1749,South Windsor,CT,US,16
1750,Southampton,NY,US,10
1751,Southaven,MS,US,26
1752,Southfield,MI,US,24
1753,Southlake,TX,US,23
1754,Spartanburg,SC,US,15
1755,Spearfish,SD,US,40
1756,Spokane,WA,US,42
1757,Spokane Valley,WA,US,21
1758,Spring,TX,US,13
1759,Spring Hill,FL,US,8
1760,Spring House,PA,US,21
1761,Springboro,OH,US,19
1762,Springdale,AR,US,31
1763,Springfield,VA,US,29
1764,Springfield,OR,US,22
1765,Springfield,MA,US,9
1766,Springfield,MO,US,24
1767,Springfield,IL,US,7
1768,Springtown,TX,US,11
1769,St. Augustine,FL,US,7
1770,St. Charles,MO,US,23
1771,St. Charles,IL,US,13
1772,St. Cloud,MN,US,9
1773,St. George,UT,US,31
1774,St. Helena,CA,US,56
1775,St. Joseph,MO,US,24
1776,St. Louis,MO,US,36
1777,St. Louis Park,MN,US,57
1778,St. Marys,GA,US,17
1779,St. Marys,OH,US,76
1780,St. Paul,MN,US,57
1781,St. Paul,TX,US,19
1782,St. Peters,MO,US,26
1783,St. Petersburg,FL,US,9
1784,St. Simons,GA,US,39
1785,Stafford,VA,US,33
1786,Stamford,CT,US,13
1787,Stanford,CA,US,52
1788,Starkville,MS,US,28
1789,State College,PA,US,50
1790,Staten Island,NY,US,39
1791,Statesville,NC,US,10
1792,Steamboat Springs,CO,US,13
1793,Stephenville,TX,US,9
1794,Sterling,IL,US,5
1795,Sterling Heights,MI,US,22
1796,Stevens Point,WI,US,50
1797,Stillwater,OK,US,30
1798,Stillwater,MN,US,25
1799,Stirling,NJ,US,24
1800,Stockbridge,GA,US,14
1801,Stockton,CA,US,35
1802,Stone Mountain,GA,US,7
1803,Stonecrest,GA,US,22
1804,Stony Brook,NY,US,13
1805,Stow,OH,US,40
1806,Stuart,FL,US,19
1807,Sturgis,SD,US,35
1808,Stuyvesant,NY,US,13
1809,Suffield,CT,US,23
1810,Suffolk,VA,US,22
1811,Sugar Hill,GA,US,12
1812,Sugar Land,TX,US,13
1813,Summerville,SC,US,15
1814,Summit,NJ,US,21
1815,Sumter,SC,US,10
1816,Sun Lakes,AZ,US,22
1817,Sun Prairie,WI,US,60
1818,Sun Valley,NV,US,49
1819,Sunnyvale,CA,US,22
1820,Sunnyvale,TX,US,18
1821,Sunrise,FL,US,17
1822,Sunset,UT,US,32
1823,Superior,CO,US,22
1824,Suwanee,GA,US,25
1825,Syracuse,NY,US,8
1826,Tacoma,WA,US,33
1827,Tahlequah,OK,US,51
1828,Takoma Park,MD,US,12
1829,Tallahassee,FL,US,28
1830,Talty,TX,US,13
1831,Tampa,FL,US,15
1832,Taos,NM,US,9
1833,Tatamy,PA,US,16
1834,Tavares,FL,US,9
1835,Taylor,MI,US,27
1836,Temecula,CA,US,23
1837,Tempe,AZ,US,34
1838,Terre Haute,IN,US,7
1839,Terrell,TX,US,10
1840,The Bronx,NY,US,44
1841,The Colony,TX,US,20
1842,The Villages,FL,US,33
1843,The Woodlands,TX,US,39
1844,Thornton,CO,US,41
1845,Thousand Oaks,CA,US,27
1846,Tierra Amarilla,NM,US,43
1847,Tigard,OR,US,27
1848,Timnath,CO,US,17
1849,Titusville,FL,US,12
1850,Toledo,OH,US,18
1851,Tolland,CT,US,22
1852,Tomball,TX,US,18
1853,Tonawanda,NY,US,8
1854,Topeka,KS,US,6
1855,Torrance,CA,US,21
1856,Townsend,DE,US,26
1857,Towson,MD,US,19
1858,Traverse City,MI,US,64
1859,Trenton,NJ,US,36
1860,Trophy Club,TX,US,13
1861,Troy,OH,US,48
1862,Troy,MI,US,24
1863,Troy,TN,US,19
1864,Truckee,CA,US,41
1865,Trussville,AL,US,17
1866,Tucker,GA,US,8
1867,Tucson,AZ,US,38
1868,Tukwila,WA,US,20
1869,Tulsa,OK,US,25
1870,Tupelo,MS,US,29
1871,Tuscaloosa,AL,US,25
1872,Tustin,CA,US,14
1873,Twin Falls,ID,US,10
1874,Tyler,TX,US,8
1875,Tyrone,GA,US,13
1876,University Park,TX,US,6
1877,University Place,WA,US,38
1878,Upper Arlington,OH,US,26
1879,Urban Honolulu CDP,HI,US,19
1880,Urbana,IL,US,22
1881,Urbandale,IA,US,51
1882,Uvalde,TX,US,5
1883,Vacaville,CA,US,20
1884,Vail,CO,US,34
1885,Valley Springs,CA,US,18
1886,Valley Stream,NY,US,6
1887,Vancouver,WA,US,40
1888,Vandalia,OH,US,26
1889,Vega Baja,PR,US,19
1890,Venice,FL,US,15
1891,Ventura,CA,US,32
1892,Venus,TX,US,13
1893,Vernon,CT,US,19
1894,Vero Beach,FL,US,10
1895,Verona,PA,US,26
1896,Vienna,VA,US,33
1897,Villa Park,IL,US,7
1898,Vineyard,UT,US,19
1899,Virginia Beach,VA,US,22
1900,Virginia Gardens,FL,US,6
1901,Visalia,CA,US,30
1902,Waco,TX,US,12
1903,Wahiawa,HI,US,21
1904,Waipahu,HI,US,12
1905,Wakefield,MA,US,8
1906,Waldorf,MD,US,18
1907,Wall,NJ,US,13
1908,Walla Walla,WA,US,8
1909,Walled Lake,MI,US,27
1910,Walnut Creek,CA,US,37
1911,Waltham,MA,US,7
1912,Wantagh,NY,US,5
1913,Warminster,PA,US,23
1914,Warren,MI,US,31
1915,Warren,PA,US,35
1916,Warrenton,VA,US,22
1917,Warwick,RI,US,15
1918,Washington,DC,US,44
1919,Washington,IL,US,16
1920,Watauga,TX,US,7
1921,Waterbury,CT,US,12
1922,Waterloo,IA,US,31
1923,Waterloo,WI,US,42
1924,Watertown,WI,US,38
1925,Watsonville,CA,US,29
1926,Waukegan,IL,US,7
1927,Waukesha,WI,US,34
1928,Wausau,WI,US,38
1929,Wauwatosa,WI,US,41
1930,Waxahachie,TX,US,11
1931,Waxhaw,NC,US,12
1932,Wayland,MA,US,12
1933,Wayne,PA,US,43
1934,Weatherford,TX,US,10
1935,Webster,NY,US,16
1936,Weehawken,NJ,US,20
1937,Wenatchee,WA,US,40
1938,West Chester,PA,US,60
1939,West Chester,OH,US,24
1940,West Chicago,IL,US,12
1941,West Des Moines,IA,US,56
1942,West Fargo,ND,US,47
1943,West Grove,PA,US,15
1944,West Hartford,CT,US,13
1945,West Hollywood,CA,US,23
1946,West Jordan,UT,US,20
1947,West Lafayette,IN,US,47
1948,West Orange,NJ,US,22
1949,West Palm Beach,FL,US,13
1950,West Tawakoni,TX,US,21
1951,West Valley City,UT,US,19
1952,Westborough,MA,US,16
1953,Westerville,OH,US,28
1954,Westfield,IN,US,31
1955,Westfield,MA,US,15
1956,Westfield,NJ,US,40
1957,Westlake,TX,US,20
1958,Westlake Village,CA,US,24
1959,Westminster,CO,US,19
1960,Westminster,MD,US,10
1961,Westminster,CA,US,15
1962,Weston,FL,US,28
1963,Westworth Village,TX,US,7
1964,Wethersfield,CT,US,13
1965,Wheat Ridge,CO,US,13
1966,Wheaton,IL,US,11
1967,Wheeling,WV,US,17
1968,White Settlement,TX,US,6
1969,Whitewood,SD,US,52
1970,Wichita,KS,US,8
1971,Wichita Falls,TX,US,9
1972,Wildwood,NJ,US,28
1973,Wildwood,FL,US,12
1974,Williamsburg,VA,US,38
1975,Williamstown,NJ,US,16
1976,Williamsville,NY,US,10
1977,Willoughby Hills,OH,US,19
1978,Willow Park,TX,US,11
1979,Wilmer,TX,US,17
1980,Wilmington,NC,US,11
1981,Wilmington,DE,US,42
1982,Wilton,CT,US,18
1983,Winchester,VA,US,26
1984,Winder,GA,US,20
1985,Windsor,CO,US,24
1986,Winfield,IL,US,10
1987,Winston-Salem,NC,US,8
1988,Winter Garden,FL,US,15
1989,Winthrop,WA,US,22
1990,Wisconsin Dells,WI,US,41
1991,Woburn,MA,US,8
1992,Wolfe City,TX,US,19
1993,Woodbury,MN,US,47
1994,Woodinville,WA,US,17
1995,Woodland,CA,US,52
1996,Woodstock,IL,US,10
1997,Woodstock,GA,US,17
1998,Woodway,TX,US,6
1999,Wooster,OH,US,33
2000,Worcester,MA,US,7
2001,Wrightsville Beach,NC,US,26
2002,Wylie,TX,US,11
2003,Yakima,WA,US,30
2004,Yankton,SD,US,43
2005,Yorba Linda,CA,US,12
2006,York,PA,US,27
2007,Yorktown,VA,US,34
2008,Youngstown,OH,US,30
2009,Ypsilanti,MI,US,26
2010,Yuba City,CA,US,25
2011,Yuma,AZ,US,17
2012,Zeeland,MI,US,52
2013,Ho Chi Minh City,Ho Chi Minh City,VN,53
